id,label
408,4.599871036350634
1643,8.09341932453444
892,3.0595117540314862
453,0.9949104056300832
764,0.15176856549847764
1696,18.842261675024204
548,20.505027971387072
67,3.4841394915455153
184,8.54791637989857
1681,16.827964499459995
772,19.577679516513406
170,0.28294764487215707
1518,13.712784505435362
593,26.13848720758672
522,14.291516412497876
309,-0.9609883562555546
1456,-3.532788618845129
