id,label
1649,20.207908942829224
1647,7.750541151667486
765,3.825079929308993
49,32.39999140882304
618,8.271555527619288
694,25.02701687534467
844,10.761966363217104
679,3.267148326153703
506,5.208420039515373
420,14.17499861285981
