id,label
1292,5.794531771196345
438,12.523371897762342
567,17.506970190626774
1225,11.584816355326264
1085,4.864294646892707
426,24.12996348900048
613,12.506668582063835
237,37.604892274160086
650,2.1943316557341808
240,24.282992128578933
1196,13.275879417271852
1494,7.919810891948979
1648,16.971789932369244
493,6.3339401188242626
620,33.41352248289539
411,9.263984365999482
