id,label
1292,5.53608949764082
438,12.907341644913792
567,17.77137985952585
1225,10.677422150989557
1085,4.7636000082416174
426,23.91082098357286
613,12.205379943164843
237,38.58352615832655
650,2.09550994334311
240,23.607652793797314
1196,14.276114627872332
1494,8.159658347440846
1648,17.025200402491947
493,5.596941789942672
620,34.38245660691264
411,9.308825734325993
