id,label
1649,19.974750319917995
1647,7.346840421190846
765,3.8635021431725054
49,32.22525959757322
618,8.10861992341522
694,26.093633446768102
844,10.303738887307473
679,3.213841944149708
506,5.381452647183871
420,13.80713707481671
