id,label
408,3.6901242450417184
1643,4.786641988308234
892,2.8359099782347976
453,3.1155104737160695
764,3.1203175669597263
1696,13.005348171173107
548,10.933716738295338
67,4.0994774654083335
184,5.961863512391609
1681,10.230638644015595
772,19.139151701357957
170,2.1850763756294267
1518,9.137204812309596
593,20.126113097877507
522,17.323525138880264
309,2.314461816857942
1456,1.7934016285836885
