id,label
408,4.763030980660407
1643,6.173581264268709
892,3.4419347606418977
453,1.5415922882634296
764,0.7032498269718828
1696,18.705810796732052
548,19.865014542078953
67,2.978180086629389
184,8.956932935192453
1681,15.890717413303213
772,21.25770651272599
170,-0.625989425500248
1518,12.754006071268353
593,25.223818639131082
522,15.804097097164947
309,-1.8687969885365487
1456,-4.123998516759512
