id,label
408,4.388254225234449
1643,5.8953835260037835
892,3.815132634079433
453,1.6561733483296255
764,0.48396674212371577
1696,19.492901538751056
548,21.145312629228677
67,2.9088290401118666
184,9.120554233671927
1681,16.70439583675903
772,20.66525383202662
170,-0.9014512093130911
1518,13.565286775635645
593,25.403531703460267
522,13.854051569207497
309,-2.234951959401541
1456,-4.596293924429449
